{
    "name": "root",
    "metadata": {
        "timer_format_version": "0.1.0",
        "start_time_seconds": "1656867421",
        "python_version": "3.7.9 (tags/v3.7.9:13c94747c7, Aug 17 2020, 18:58:18) [MSC v.1900 64 bit (AMD64)]",
        "command_line_arguments": "D:\\Unity Projects\\CarTest\\venv\\Scripts\\mlagents-learn config\\configuration.yaml --run-id=Test2 --resume",
        "mlagents_version": "0.28.0",
        "mlagents_envs_version": "0.28.0",
        "communication_protocol_version": "1.5.0",
        "pytorch_version": "1.7.1+cu110",
        "numpy_version": "1.21.6",
        "end_time_seconds": "1656867442"
    },
    "total": 21.8259467,
    "count": 1,
    "self": 0.004751800000001083,
    "children": {
        "run_training.setup": {
            "total": 0.07009170000000009,
            "count": 1,
            "self": 0.07009170000000009
        },
        "TrainerController.start_learning": {
            "total": 21.7511032,
            "count": 1,
            "self": 0.014768999999940746,
            "children": {
                "TrainerController._reset_env": {
                    "total": 11.350910299999999,
                    "count": 1,
                    "self": 11.350910299999999
                },
                "TrainerController.advance": {
                    "total": 10.34604530000006,
                    "count": 1152,
                    "self": 0.014593200000062367,
                    "children": {
                        "env_step": {
                            "total": 9.25534699999998,
                            "count": 1152,
                            "self": 7.456765299999914,
                            "children": {
                                "SubprocessEnvManager._take_step": {
                                    "total": 1.7896461000000112,
                                    "count": 1152,
                                    "self": 0.04576480000002725,
                                    "children": {
                                        "TorchPolicy.evaluate": {
                                            "total": 1.743881299999984,
                                            "count": 1152,
                                            "self": 0.5885515999999988,
                                            "children": {
                                                "TorchPolicy.sample_actions": {
                                                    "total": 1.1553296999999851,
                                                    "count": 1152,
                                                    "self": 1.1553296999999851
                                                }
                                            }
                                        }
                                    }
                                },
                                "workers": {
                                    "total": 0.008935600000054222,
                                    "count": 1152,
                                    "self": 0.0,
                                    "children": {
                                        "worker_root": {
                                            "total": 10.819774499999987,
                                            "count": 1152,
                                            "is_parallel": true,
                                            "self": 4.21234660000005,
                                            "children": {
                                                "steps_from_proto": {
                                                    "total": 0.00039429999999995857,
                                                    "count": 1,
                                                    "is_parallel": true,
                                                    "self": 0.00011770000000055347,
                                                    "children": {
                                                        "_process_rank_one_or_two_observation": {
                                                            "total": 0.0002765999999994051,
                                                            "count": 4,
                                                            "is_parallel": true,
                                                            "self": 0.0002765999999994051
                                                        }
                                                    }
                                                },
                                                "UnityEnvironment.step": {
                                                    "total": 6.607033599999937,
                                                    "count": 1152,
                                                    "is_parallel": true,
                                                    "self": 0.10017289999999157,
                                                    "children": {
                                                        "UnityEnvironment._generate_step_input": {
                                                            "total": 0.11992549999997237,
                                                            "count": 1152,
                                                            "is_parallel": true,
                                                            "self": 0.11992549999997237
                                                        },
                                                        "communicator.exchange": {
                                                            "total": 6.115929200000021,
                                                            "count": 1152,
                                                            "is_parallel": true,
                                                            "self": 6.115929200000021
                                                        },
                                                        "steps_from_proto": {
                                                            "total": 0.2710059999999519,
                                                            "count": 1152,
                                                            "is_parallel": true,
                                                            "self": 0.10024679999998831,
                                                            "children": {
                                                                "_process_rank_one_or_two_observation": {
                                                                    "total": 0.17075919999996358,
                                                                    "count": 4608,
                                                                    "is_parallel": true,
                                                                    "self": 0.17075919999996358
                                                                }
                                                            }
                                                        }
                                                    }
                                                }
                                            }
                                        }
                                    }
                                }
                            }
                        },
                        "trainer_advance": {
                            "total": 1.076105100000019,
                            "count": 1152,
                            "self": 0.01856700000003464,
                            "children": {
                                "process_trajectory": {
                                    "total": 0.5907762999999839,
                                    "count": 1152,
                                    "self": 0.5907762999999839
                                },