{
    "name": "root",
    "gauges": {
        "CarAgent.Policy.Entropy.mean": {
            "value": 1.1751288175582886,
            "min": 1.1751288175582886,
            "max": 1.1751288175582886,
            "count": 1
        },
        "CarAgent.Policy.Entropy.sum": {
            "value": 10388.138671875,
            "min": 10388.138671875,
            "max": 10388.138671875,
            "count": 1
        },
        "CarAgent.Step.mean": {
            "value": 2899958.0,
            "min": 2899958.0,
            "max": 2899958.0,
            "count": 1
        },
        "CarAgent.Step.sum": {
            "value": 2899958.0,
            "min": 2899958.0,
            "max": 2899958.0,
            "count": 1
        },
        "CarAgent.Policy.ExtrinsicValueEstimate.mean": {
            "value": -8.438349723815918,
            "min": -8.438349723815918,
            "max": -8.438349723815918,
            "count": 1
        },
        "CarAgent.Policy.ExtrinsicValueEstimate.sum": {
            "value": -1156.053955078125,
            "min": -1156.053955078125,
            "max": -1156.053955078125,
            "count": 1
        },
        "CarAgent.Environment.EpisodeLength.mean": {
            "value": 999.0,
            "min": 999.0,
            "max": 999.0,
            "count": 1
        },
        "CarAgent.Environment.EpisodeLength.sum": {
            "value": 4995.0,
            "min": 4995.0,
            "max": 4995.0,
            "count": 1
        },
        "CarAgent.Environment.CumulativeReward.mean": {
            "value": -2.920000171661377,
            "min": -2.920000171661377,
            "max": -2.920000171661377,
            "count": 1
        },
        "CarAgent.Environment.CumulativeReward.sum": {
            "value": -14.600000858306885,
            "min": -14.600000858306885,
            "max": -14.600000858306885,
            "count": 1
        },
        "CarAgent.Policy.ExtrinsicReward.mean": {
            "value": -2.920000171661377,
            "min": -2.920000171661377,
            "max": -2.920000171661377,
            "count": 1
        },
        "CarAgent.Policy.ExtrinsicReward.sum": {
            "value": -14.600000858306885,
            "min": -14.600000858306885,
            "max": -14.600000858306885,
            "count": 1
        },
        "CarAgent.IsTraining.mean": {
            "value": 1.0,
            "min": 1.0,
            "max": 1.0,
            "count": 1
        },
        "CarAgent.IsTraining.sum": {
            "value": 1.0,
            "min": 1.0,
            "max": 1.0,
            "count": 1
        }
    },
    "metadata": {
        "timer_format_version": "0.1.0",
        "start_time_seconds": "1657626531",
        "python_version": "3.7.9 (tags/v3.7.9:13c94747c7, Aug 17 2020, 18:58:18) [MSC v.1900 64 bit (AMD64)]",
        "command_line_arguments": "D:\\Unity Projects\\CarTest\\venv\\Scripts\\mlagents-learn config\\long_test.yaml --run-id=test6 --resume",
        "mlagents_version": "0.28.0",
        "mlagents_envs_version": "0.28.0",
        "communication_protocol_version": "1.5.0",
        "pytorch_version": "1.7.1+cu110",
        "numpy_version": "1.21.6",
        "end_time_seconds": "1657626691"
    },
    "total": 159.5968359,
    "count": 1,
    "self": 10.004629300000005,
    "children": {
        "run_training.setup": {
            "total": 0.0712604,
            "count": 1,
            "self": 0.0712604
        },
        "TrainerController.start_learning": {
            "total": 149.5209462,
            "count": 1,
            "self": 0.0455210999993767,
            "children": {
                "TrainerController._reset_env": {
                    "total": 6.4882455,
                    "count": 1,
                    "self": 6.4882455
                },
                "TrainerController.advance": {
                    "total": 142.9401568000006,
                    "count": 2707,
                    "self": 0.04425270000069759,
                    "children": {
                        "env_step": {
                            "total": 140.73207509999966,
                            "count": 2707,
                            "self": 135.91832600000023,
                            "children": {
                                "SubprocessEnvManager._take_step": {
                                    "total": 4.786900500000108,
                                    "count": 2708,
                                    "self": 0.13619220000039167,
                                    "children": {
                                        "TorchPolicy.evaluate": {
                                            "total": 4.6507082999997165,
                                            "count": 2708,
                                            "self": 1.6532950999995082,
                                            "children": {
                                                "TorchPolicy.sample_actions": {
                                                    "total": 2.9974132000002083,
                                                    "count": 2708,
                                                    "self": 2.9974132000002083
                                                }
                                            }
                                        }
                                    }
                                },
                                "workers": {
                                    "total": 0.026848599999331313,
                                    "count": 2706,
                                    "self": 0.0,
                                    "children": {
                                        "worker_root": {
                                            "total": 119.63191480000006,
                                            "count": 2706,
                                            "is_parallel": true,
                                            "self": 10.022564700000373,
                                            "children": {
                                                "steps_from_proto": {
                                                    "total": 0.0006232000000014892,
                                                    "count": 2,
                                                    "is_parallel": true,
                                                    "self": 0.00021740000000303183,
                                                    "children": {
                                                        "_process_rank_one_or_two_observation": {
                                                            "total": 0.0004057999999984574,
                                                            "count": 8,
                                                            "is_parallel": true,
                                                            "self": 0.0004057999999984574
                                                        }
                                                    }
                                                },
                                                "UnityEnvironment.step": {
                                                    "total": 109.60872689999968,
                                                    "count": 2706,
                                                    "is_parallel": true,
                                                    "self": 0.2132020999995632,
                                                    "children": {
                                                        "UnityEnvironment._generate_step_input": {
                                                            "total": 0.2328097999999148,
                                                            "count": 2706,
                                                            "is_parallel": true,