{
    "name": "root",
    "gauges": {
        "CarAgent.Policy.Entropy.mean": {
            "value": 1.1737507581710815,
            "min": 1.1737507581710815,
            "max": 1.1737507581710815,
            "count": 1
        },
        "CarAgent.Policy.Entropy.sum": {
            "value": 53569.984375,
            "min": 53569.984375,
            "max": 53569.984375,
            "count": 1
        },
        "CarAgent.Step.mean": {
            "value": 2949958.0,
            "min": 2949958.0,
            "max": 2949958.0,
            "count": 1
        },
        "CarAgent.Step.sum": {
            "value": 2949958.0,
            "min": 2949958.0,
            "max": 2949958.0,
            "count": 1
        },
        "CarAgent.Policy.ExtrinsicValueEstimate.mean": {
            "value": -6.557439804077148,
            "min": -6.557439804077148,
            "max": -6.557439804077148,
            "count": 1
        },
        "CarAgent.Policy.ExtrinsicValueEstimate.sum": {
            "value": -4767.2587890625,
            "min": -4767.2587890625,
            "max": -4767.2587890625,
            "count": 1
        },
        "CarAgent.Environment.EpisodeLength.mean": {
            "value": 999.0,
            "min": 999.0,
            "max": 999.0,
            "count": 1
        },
        "CarAgent.Environment.EpisodeLength.sum": {
            "value": 44955.0,
            "min": 44955.0,
            "max": 44955.0,
            "count": 1
        },
        "CarAgent.Environment.CumulativeReward.mean": {
            "value": -19.23555577860938,
            "min": -19.23555577860938,
            "max": -19.23555577860938,
            "count": 1
        },
        "CarAgent.Environment.CumulativeReward.sum": {
            "value": -865.6000100374222,
            "min": -865.6000100374222,
            "max": -865.6000100374222,
            "count": 1
        },
        "CarAgent.Policy.ExtrinsicReward.mean": {
            "value": -19.23555577860938,
            "min": -19.23555577860938,
            "max": -19.23555577860938,
            "count": 1
        },
        "CarAgent.Policy.ExtrinsicReward.sum": {
            "value": -865.6000100374222,
            "min": -865.6000100374222,
            "max": -865.6000100374222,
            "count": 1
        },
        "CarAgent.Losses.PolicyLoss.mean": {
            "value": 0.024130410254777718,
            "min": 0.024130410254777718,
            "max": 0.024130410254777718,
            "count": 1
        },
        "CarAgent.Losses.PolicyLoss.sum": {
            "value": 0.09652164101911087,
            "min": 0.09652164101911087,
            "max": 0.09652164101911087,
            "count": 1
        },
        "CarAgent.Losses.ValueLoss.mean": {
            "value": 1.9706327339013416,
            "min": 1.9706327339013416,
            "max": 1.9706327339013416,
            "count": 1
        },
        "CarAgent.Losses.ValueLoss.sum": {
            "value": 7.8825309356053666,
            "min": 7.8825309356053666,
            "max": 7.8825309356053666,
            "count": 1
        },
        "CarAgent.Policy.LearningRate.mean": {
            "value": 0.00021209072930310002,
            "min": 0.00021209072930310002,
            "max": 0.00021209072930310002,
            "count": 1
        },
        "CarAgent.Policy.LearningRate.sum": {
            "value": 0.0008483629172124001,
            "min": 0.0008483629172124001,
            "max": 0.0008483629172124001,
            "count": 1
        },
        "CarAgent.Policy.Epsilon.mean": {
            "value": 0.17069690000000007,
            "min": 0.17069690000000007,
            "max": 0.17069690000000007,
            "count": 1
        },
        "CarAgent.Policy.Epsilon.sum": {
            "value": 0.6827876000000003,
            "min": 0.6827876000000003,
            "max": 0.6827876000000003,
            "count": 1
        },
        "CarAgent.Policy.Beta.mean": {
            "value": 0.003537775310000001,
            "min": 0.003537775310000001,
            "max": 0.003537775310000001,
            "count": 1
        },
        "CarAgent.Policy.Beta.sum": {
            "value": 0.014151101240000004,
            "min": 0.014151101240000004,
            "max": 0.014151101240000004,
            "count": 1
        },
        "CarAgent.IsTraining.mean": {
            "value": 1.0,
            "min": 1.0,
            "max": 1.0,
            "count": 1
        },
        "CarAgent.IsTraining.sum": {
            "value": 1.0,
            "min": 1.0,
            "max": 1.0,
            "count": 1
        }
    },
    "metadata": {
        "timer_format_version": "0.1.0",
        "start_time_seconds": "1657626705",
        "python_version": "3.7.9 (tags/v3.7.9:13c94747c7, Aug 17 2020, 18:58:18) [MSC v.1900 64 bit (AMD64)]",
        "command_line_arguments": "D:\\Unity Projects\\CarTest\\venv\\Scripts\\mlagents-learn config\\long_test.yaml --run-id=test6 --resume",
        "mlagents_version": "0.28.0",
        "mlagents_envs_version": "0.28.0",
        "communication_protocol_version": "1.5.0",
        "pytorch_version": "1.7.1+cu110",
        "numpy_version": "1.21.6",
        "end_time_seconds": "1657627192"
    },
    "total": 487.3372672,
    "count": 1,
    "self": 0.003855900000019119,
    "children": {
        "run_training.setup": {
            "total": 0.07010559999999999,
            "count": 1,
            "self": 0.07010559999999999
        },
        "TrainerController.start_learning": {
            "total": 487.2633057,
            "count": 1,
            "self": 0.18890719999950534,
            "children": {
                "TrainerController._reset_env": {
                    "total": 6.712388000000001,
                    "count": 1,
                    "self": 6.712388000000001
                },
                "TrainerController.advance": {
                    "total": 480.31764860000055,
                    "count": 11174,
                    "self": 0.1827948999975888,
                    "children": {
                        "env_step": {
                            "total": 469.81123000000196,
                            "count": 11174,
                            "self": 451.81180710000103,
                            "children": {
                                "SubprocessEnvManager._take_step": {
                                    "total": 17.879540199998672,
                                    "count": 11174,
                                    "self": 0.560818499996472,
                                    "children": {
                                        "TorchPolicy.evaluate": {
                                            "total": 17.3187217000022,
                                            "count": 11174,
                                            "self": 6.642046700001012,
                                            "children": {
                                                "TorchPolicy.sample_actions": {
                                                    "total": 10.676675000001188,
                                                    "count": 11174,
                                                    "self": 10.676675000001188
                                                }
                                            }
                                        }
                                    }
                                },
                                "workers": {
                                    "total": 0.11988270000227264,
                                    "count": 11173,
                                    "self": 0.0,
                                    "children": {
                                        "worker_root": {
                                            "total": 420.15106250000224,
                                            "count": 11173,
                                            "is_parallel": true,