{
    "name": "root",
    "metadata": {
        "timer_format_version": "0.1.0",
        "start_time_seconds": "1657615213",
        "python_version": "3.7.9 (tags/v3.7.9:13c94747c7, Aug 17 2020, 18:58:18) [MSC v.1900 64 bit (AMD64)]",
        "command_line_arguments": "D:\\Unity Projects\\CarTest\\venv\\Scripts\\mlagents-learn --run-id=test7 --resume",
        "mlagents_version": "0.28.0",
        "mlagents_envs_version": "0.28.0",
        "communication_protocol_version": "1.5.0",
        "pytorch_version": "1.7.1+cu110",
        "numpy_version": "1.21.6",
        "end_time_seconds": "1657615341"
    },
    "total": 128.43620810000002,
    "count": 1,
    "self": 0.004621500000013157,
    "children": {
        "run_training.setup": {
            "total": 0.07108880000000006,
            "count": 1,
            "self": 0.07108880000000006
        },
        "TrainerController.start_learning": {
            "total": 128.3604978,
            "count": 1,
            "self": 0.028385899999932462,
            "children": {
                "TrainerController._reset_env": {
                    "total": 5.4061769,
                    "count": 1,
                    "self": 5.4061769
                },
                "TrainerController.advance": {
                    "total": 122.88721870000005,
                    "count": 1755,
                    "self": 0.027687000000057083,
                    "children": {
                        "env_step": {
                            "total": 121.74505230000007,
                            "count": 1755,
                            "self": 118.60349860000024,
                            "children": {
                                "SubprocessEnvManager._take_step": {
                                    "total": 3.123973899999993,
                                    "count": 1756,
                                    "self": 0.08600330000016676,
                                    "children": {
                                        "TorchPolicy.evaluate": {
                                            "total": 3.0379705999998263,
                                            "count": 1756,
                                            "self": 1.0758677999999264,
                                            "children": {
                                                "TorchPolicy.sample_actions": {
                                                    "total": 1.9621027999999,
                                                    "count": 1756,
                                                    "self": 1.9621027999999
                                                }
                                            }
                                        }
                                    }
                                },
                                "workers": {
                                    "total": 0.01757979999983572,
                                    "count": 1755,
                                    "self": 0.0,
                                    "children": {
                                        "worker_root": {
                                            "total": 62.38341240000005,
                                            "count": 1755,
                                            "is_parallel": true,
                                            "self": 5.9344216000000785,
                                            "children": {
                                                "steps_from_proto": {
                                                    "total": 0.0006394000000042865,
                                                    "count": 2,
                                                    "is_parallel": true,
                                                    "self": 0.00020819999999499572,
                                                    "children": {
                                                        "_process_rank_one_or_two_observation": {
                                                            "total": 0.0004312000000092908,
                                                            "count": 8,
                                                            "is_parallel": true,
                                                            "self": 0.0004312000000092908
                                                        }
                                                    }
                                                },
                                                "UnityEnvironment.step": {
                                                    "total": 56.448351399999964,
                                                    "count": 1755,
                                                    "is_parallel": true,
                                                    "self": 0.1482633999996068,
                                                    "children": {
                                                        "UnityEnvironment._generate_step_input": {
                                                            "total": 0.1627920000001568,
                                                            "count": 1755,
                                                            "is_parallel": true,
                                                            "self": 0.1627920000001568
                                                        },
                                                        "communicator.exchange": {
                                                            "total": 55.72919420000014,
                                                            "count": 1755,
                                                            "is_parallel": true,
                                                            "self": 55.72919420000014
                                                        },
                                                        "steps_from_proto": {
                                                            "total": 0.4081018000000629,
                                                            "count": 1755,
                                                            "is_parallel": true,
                                                            "self": 0.15426269999981201,
                                                            "children": {
                                                                "_process_rank_one_or_two_observation": {
                                                                    "total": 0.2538391000002509,
                                                                    "count": 7020,
                                                                    "is_parallel": true,
                                                                    "self": 0.2538391000002509
                                                                }
                                                            }
                                                        }
                                                    }
                                                }
                                            }
                                        }
                                    }
                                }
                            }
                        },
                        "trainer_advance": {
                            "total": 1.114479399999916,
                            "count": 1755,
                            "self": 0.037806799999822616,
                            "children": {
                                "process_trajectory": {
                                    "total": 0.5791860000000915,
                                    "count": 1755,
                                    "self": 0.5791860000000915
                                },
                                "_update_policy": {
                                    "total": 0.497486600000002,